B1_mean,B2_mean,B3_mean,B4_mean,B5_mean,B6_mean,B7_mean,B8_mean,B8A_mean,B9_mean,B10_mean,B11_mean,B12_mean,EVI_mean,GNDVI_mean,NDMI_mean,NDVI_mean,VH_mean,VV_mean,Year,Field
0.0271683745086193,0.0287202913314104,0.0655276477336884,0.0465834550559521,0.120669804513454,0.326297402381897,0.385101109743118,0.392088711261749,0.404473096132278,0.458486467599869,0.107797488570213,0.199815809726715,0.118075139820576,0.583493530750275,0.691552698612213,0.295488297939301,0.756220698356628,-16.157922744751,-9.25057601928711,2018,CRIMSON 04
0.0413393788039684,0.041290745139122,0.0694072470068932,0.0714524611830711,0.127529814839363,0.255922913551331,0.295353353023529,0.306607067584991,0.322268426418304,0.400504946708679,0.135112136602402,0.241897478699684,0.167799532413483,0.406222939491272,0.601305365562439,0.0938996598124504,0.583875119686127,-16.9647350311279,-9.90539455413818,2019,CRIMSON 04
0.0394897386431694,0.0400162041187286,0.06717499345541,0.0721560418605804,0.125824481248856,0.236693292856216,0.269824683666229,0.283244490623474,0.295425236225128,0.427414864301682,1.23584258556366,0.235353603959084,0.163851737976074,0.370515793561935,0.606325209140778,0.0835726335644722,0.581503927707672,-16.9363269805908,-10.1336641311646,2020,CRIMSON 04
0.0198015123605728,0.0244798753410578,0.061941035091877,0.0400575138628483,0.114655911922455,0.340105980634689,0.406598508358002,0.412137806415558,0.427371889352798,0.502495586872101,0.0378901809453964,0.196564733982086,0.108048222959042,0.622502446174622,0.716904699802399,0.322499305009842,0.789560258388519,-16.0767154693604,-9.28785133361816,2018,CRIMSON 99-00
0.0303192753344774,0.038209967315197,0.0658195614814758,0.0695424601435661,0.121848493814468,0.249392256140709,0.291266769170761,0.30174857378006,0.31919851899147,0.395705014467239,0.137263908982277,0.24517285823822,0.169991016387939,0.396497696638107,0.604288518428802,0.0725913494825363,0.574807703495026,-17.0024814605713,-9.97220039367676,2019,CRIMSON 99-00
0.0407155938446522,0.0490443333983421,0.072485625743866,0.0874507054686546,0.131138950586319,0.216786876320839,0.247222304344177,0.261606276035309,0.276495724916458,0.429024994373322,2.61556243896484,0.255854994058609,0.188439786434174,0.303425937891006,0.550026953220367,0.000472305167932063,0.481177866458893,-17.1320819854736,-10.2391319274902,2020,CRIMSON 99-00
0.0265570357441902,0.0344070382416248,0.0635929480195045,0.064270943403244,0.116147927939892,0.262804388999939,0.315806835889816,0.322900980710983,0.340838193893433,0.425242304801941,0.064222514629364,0.216378211975098,0.144907057285309,0.443089485168457,0.65075671672821,0.183448642492294,0.643125534057617,-16.8908348083496,-10.1259527206421,2018,INIAGRAPE ONE 14
0.0345636121928692,0.0440958589315414,0.0691988095641136,0.0823533609509468,0.124272935092449,0.222275972366333,0.260579615831375,0.271940946578979,0.288416564464569,0.344633340835571,0.0651696100831032,0.241660103201866,0.178332760930061,0.328124701976776,0.572536587715149,0.0498728342354298,0.512165725231171,-18.6327877044678,-11.3972425460815,2019,INIAGRAPE ONE 14
0.021437618881464,0.0259552970528603,0.0567574165761471,0.0501252338290215,0.105791740119457,0.295352786779404,0.368891060352325,0.380064964294434,0.39264702796936,0.422235101461411,0.192763388156891,0.195464551448822,0.119665451347828,0.553748428821564,0.722917973995209,0.306866496801376,0.745879769325256,-18.2047328948975,-11.3799390792847,2020,INIAGRAPE ONE 14
0.041137620806694,0.0569572634994984,0.0842973589897156,0.102235235273838,0.141586005687714,0.227187886834145,0.256976693868637,0.260557055473328,0.27708825469017,0.35978639125824,0.112776935100555,0.235954105854034,0.185380786657333,0.272443771362305,0.50850236415863,0.0477378964424133,0.434469252824783,-18.6881446838379,-12.3448362350464,2018,INIAGRAPE ONE 15
0.0235209353268147,0.0342768095433712,0.0617001242935658,0.062639094889164,0.110801666975021,0.251640170812607,0.300673991441727,0.305656164884567,0.320005029439926,0.377057462930679,0.032019317150116,0.19519405066967,0.136072963476181,0.420446425676346,0.629744529724121,0.192734912037849,0.620906174182892,-16.9970798492432,-10.084490776062,2019,INIAGRAPE ONE 15
0.0132506210356951,0.0239392518997192,0.0543669424951077,0.0456160046160221,0.101314589381218,0.294682383537292,0.368790745735168,0.376716285943985,0.392292827367783,0.453118175268173,0.105732917785645,0.188057944178581,0.11058733612299,0.562345147132874,0.735559046268463,0.324402660131454,0.769442498683929,-17.0870018005371,-10.5397844314575,2020,INIAGRAPE ONE 15
0.0195139683783054,0.0288465172052383,0.0663398504257202,0.0522774271667004,0.11735488474369,0.322599560022354,0.393403470516205,0.401116609573364,0.418029189109802,0.500058591365814,0.206808313727379,0.218199461698532,0.134044796228409,0.573990225791931,0.685135066509247,0.263243973255157,0.724429786205292,-17.6726856231689,-10.8396644592285,2018,SABLE 14
0.131957590579987,0.16754275560379,0.181523039937019,0.178642794489861,0.20883809030056,0.293871730566025,0.325369715690613,0.331238508224487,0.347583413124084,0.400217294692993,0.0883523970842361,0.269824624061584,0.177063062787056,0.343014478683472,0.297213554382324,0.0736196115612984,0.284111529588699,-18.1635112762451,-11.1045503616333,2019,SABLE 14
0.131132259964943,0.17648483812809,0.196290075778961,0.196780174970627,0.224718764424324,0.311947971582413,0.344365149736404,0.350919216871262,0.361535280942917,0.431993782520294,0.390629529953003,0.246818587183952,0.154579311609268,0.312432527542114,0.274572879076004,0.15794275701046,0.270872354507446,-17.6570339202881,-10.7004890441895,2020,SABLE 14
0.0402311272919178,0.0590916648507118,0.0897279754281044,0.104952804744244,0.145340651273727,0.241768032312393,0.274126529693604,0.272633641958237,0.290806084871292,0.382237315177917,0.0824973806738853,0.224145501852036,0.178457975387573,0.285914599895477,0.494791090488434,0.0891187489032745,0.434963762760162,-18.8352298736572,-11.4553852081299,2018,SABLE 16
0.0556215941905975,0.0569782629609108,0.0817686021327972,0.0991565063595772,0.13722887635231,0.218135342001915,0.248364418745041,0.253124266862869,0.271343648433685,0.352926969528198,0.106454469263554,0.24178221821785,0.190368995070457,0.267071217298508,0.485281139612198,0.00422321213409305,0.408064514398575,-18.0377597808838,-10.311990737915,2019,SABLE 16
0.0451884567737579,0.0496620945632458,0.0784937739372253,0.0991983711719513,0.142664656043053,0.23787958920002,0.276424020528793,0.290745764970779,0.307746559381485,0.412473320960999,0.150992020964622,0.264222800731659,0.193381771445274,0.316915839910507,0.56140673160553,0.0380623079836369,0.475082546472549,-18.1235542297363,-10.9863052368164,2020,SABLE 16
0.0539655052125454,0.0827706605195999,0.113496959209442,0.0909209847450256,0.14624559879303,0.343524575233459,0.418944537639618,0.423642694950104,0.438214004039764,0.512311279773712,0.00910885352641344,0.190983086824417,0.101741574704647,0.606675565242767,0.560060441493988,0.356565743684769,0.625832855701447,-16.6049270629883,-10.0967903137207,2018,THOMPSON 00
0.0627795159816742,0.0930034890770912,0.117204718291759,0.113156460225582,0.156428530812263,0.278318673372269,0.32405886054039,0.33321687579155,0.349005430936813,0.417057454586029,0.110986225306988,0.222419947385788,0.132816672325134,0.410333782434464,0.454274415969849,0.174180924892426,0.462353259325027,-16.9064254760742,-10.1977100372314,2019,THOMPSON 00
0.0808160379528999,0.107331104576588,0.126364380121231,0.135450154542923,0.170637160539627,0.239154651761055,0.262617111206055,0.275304764509201,0.287267088890076,0.442734807729721,3.22369980812073,0.238233923912048,0.156665205955505,0.273050993680954,0.372386872768402,0.076916515827179,0.343289107084274,-17.0989112854004,-10.2779989242554,2020,THOMPSON 00
0.0172848962247372,0.0231298319995403,0.0558998174965382,0.0401234962046146,0.100056104362011,0.296502739191055,0.360594868659973,0.366663724184036,0.379352539777756,0.435774922370911,0.021678552031517,0.176895916461945,0.103705793619156,0.557909905910492,0.706954717636108,0.312201112508774,0.761791348457336,-16.3880004882812,-9.69575977325439,2018,THOMPSON 07
0.100811287760735,0.147267669439316,0.158990517258644,0.142115592956543,0.174554094672203,0.253574341535568,0.278507322072983,0.286353349685669,0.297796040773392,0.388260781764984,0.106145575642586,0.205288052558899,0.129407703876495,0.347977250814438,0.279263377189636,0.156045809388161,0.327697426080704,-17.0637340545654,-9.98493194580078,2019,THOMPSON 07
0.105222538113594,0.141343280673027,0.157901033759117,0.142574965953827,0.180139541625977,0.302277833223343,0.347663015127182,0.361304134130478,0.37236499786377,0.473775863647461,0.0527339056134224,0.202556520700455,0.116645954549313,0.473739236593246,0.39014059305191,0.276438891887665,0.430612474679947,-16.9929180145264,-10.0842094421387,2020,THOMPSON 07
0.0165532268583775,0.0245729833841324,0.0566026121377945,0.0437655001878738,0.102296024560928,0.287581562995911,0.347812533378601,0.352621555328369,0.368475824594498,0.441155076026917,0.0304924547672272,0.187705025076866,0.1130730509758,0.53290730714798,0.701784491539001,0.280274927616119,0.748411476612091,-16.5389804840088,-10.2688751220703,2018,THOMPSON 08
0.0876671969890594,0.183648154139519,0.223285362124443,0.193810343742371,0.22851450741291,0.311640828847885,0.338652342557907,0.345437109470367,0.353489965200424,0.428425133228302,0.114376209676266,0.224860787391663,0.134882315993309,0.336586982011795,0.213101521134377,0.200562134385109,0.27471387386322,-17.107837677002,-9.93003082275391,2019,THOMPSON 08
0.109827630221844,0.181891888380051,0.211324751377106,0.192314982414246,0.228989988565445,0.337841302156448,0.379034698009491,0.391810745000839,0.399409562349319,0.513029396533966,0.0980269610881805,0.224886044859886,0.128366708755493,0.423947215080261,0.30015954375267,0.264039546251297,0.339504599571228,-17.0353240966797,-10.2734003067017,2020,THOMPSON 08
0.0158508140593767,0.0225719008594751,0.0549793913960457,0.0385245084762573,0.0986562371253967,0.294813096523285,0.358643054962158,0.364265650510788,0.378697723150253,0.442798674106598,0.11307106167078,0.180166676640511,0.10445362329483,0.561354637145996,0.714371621608734,0.307685136795044,0.775035440921783,-16.4214954376221,-9.87065601348877,2018,THOMPSON 96
0.1115902364254,0.161342099308968,0.174352779984474,0.154911532998085,0.189117357134819,0.272388786077499,0.297522038221359,0.303884416818619,0.315512329339981,0.41191890835762,0.125981733202934,0.219239607453346,0.134735882282257,0.363416314125061,0.266569405794144,0.154153794050217,0.31848555803299,-16.8177337646484,-10.0268888473511,2019,THOMPSON 96
0.119723685085773,0.159023299813271,0.175063535571098,0.160150140523911,0.196907237172127,0.310118049383163,0.349395781755447,0.359456419944763,0.369528323411942,0.488996654748917,0.0585940256714821,0.208736881613731,0.120598860085011,0.442181169986725,0.344756156206131,0.261363863945007,0.382054209709167,-17.127758026123,-10.2571601867676,2020,THOMPSON 96
0.0290695913136005,0.0365864410996437,0.0668899565935135,0.0637087449431419,0.117598548531532,0.284057885408401,0.339399516582489,0.34721964597702,0.360717236995697,0.432094901800156,0.0894503444433212,0.211951300501823,0.140612348914146,0.483372360467911,0.653939545154572,0.223478391766548,0.662280797958374,-17.1627178192139,-10.2353620529175,2018,TIMCO 14 CR
0.0318227186799049,0.0423777215182781,0.069252647459507,0.0742242485284805,0.119751341640949,0.249953150749207,0.294238269329071,0.301325410604477,0.313872128725052,0.385110080242157,0.109870173037052,0.215585500001907,0.159251630306244,0.388986647129059,0.587012529373169,0.133873701095581,0.560128390789032,-17.3296890258789,-10.0428333282471,2019,TIMCO 14 CR
0.0307538248598576,0.0415481254458427,0.0688497424125671,0.0740126594901085,0.121319562196732,0.252566754817963,0.297871947288513,0.310756832361221,0.320589274168015,0.46115055680275,1.64198672771454,0.219651907682419,0.157181531190872,0.40637069940567,0.615052282810211,0.157167598605156,0.59345543384552,-17.548059463501,-10.4213371276855,2020,TIMCO 14 CR
